{
  "title": "HD Connex",
  "subtitle": "Connecting you to quality contractors",
  "keywords": "contractors, home improvement, roofing, pools, Florida",
  "support_url": "https://TODO.support.url",
  "marketing_url": "https://TODO.marketing.url",
  "privacy_policy_url": "https://TODO.privacy.url",
  "description": "HD Connex connects property owners with vetted contractors across Central Florida.\n\u2022 Submit a project in minutes\n\u2022 Get fast responses from licensed pros\n\u2022 Compare quotes and reviews\n\u2022 Message and schedule securely\n\nNOTE: Some features require an account. Demo credentials provided in submission notes.\n",
  "review_notes": "Provide demo login and any special steps here. TODO",
  "promotional_text": "Find vetted contractors fast. Fewer headaches, better results.",
  "age_rating": "17+"
}
