{
  "version": 1,
  "palette": {
    "primary": {
      "500": "#3b82f6",
      "600": "#2563eb"
    },
    "accent": {
      "500": "#f97316",
      "600": "#ea580c"
    },
    "neutral": {
      "50": "#f8fafc",
      "900": "#0f172a"
    }
  },
  "radii": {
    "sm": 8,
    "md": 12,
    "lg": 20
  },
  "shadows": {
    "card": "0 25px 50px -12px rgba(0,0,0,.25)"
  },
  "typography": {
    "fontFamily": "Inter, system-ui, -apple-system, Segoe UI, Roboto, Arial, sans-serif"
  },
  "TODO": "Replace with designer-provided tokens with WCAG AA contrast."
}