
{
  "project_info": {
    "name": "HD Connex Platform",
    "audit_date": "2025-08-29",
    "total_files": 86,
    "overall_reuse_score": "85%",
    "maturity_level": "high"
  },
  "files": [
    {
      "name": "app/layout.tsx",
      "type": "tsx",
      "reuse_flag": "high",
      "description": "Root layout component - clean, minimal structure with proper metadata",
      "suggested_action": "reuse"
    },
    {
      "name": "app/page.tsx", 
      "type": "tsx",
      "reuse_flag": "high",
      "description": "Home page entry point - simple delegation to components",
      "suggested_action": "reuse"
    },
    {
      "name": "app/globals.css",
      "type": "css", 
      "reuse_flag": "high",
      "description": "Global styles with custom animations, gradients, and modern effects",
      "suggested_action": "reuse"
    },
    {
      "name": "components/hd-connex-app.tsx",
      "type": "tsx",
      "reuse_flag": "high", 
      "description": "Main app shell with clean navigation logic and state management",
      "suggested_action": "reuse"
    },
    {
      "name": "components/primary-search-section.tsx",
      "type": "tsx",
      "reuse_flag": "high",
      "description": "Conversion-optimized hero search with service selector, location input, trust indicators",
      "suggested_action": "reuse"
    },
    {
      "name": "components/service-categories-section.tsx", 
      "type": "tsx",
      "reuse_flag": "high",
      "description": "Interactive service category tiles with dual CTAs and social proof",
      "suggested_action": "reuse"
    },
    {
      "name": "components/enhanced-trust-section.tsx",
      "type": "tsx", 
      "reuse_flag": "high",
      "description": "Trust indicators with live stats, callback functionality, verification badges",
      "suggested_action": "reuse"
    },
    {
      "name": "components/lead-capture-form.tsx",
      "type": "tsx",
      "reuse_flag": "high", 
      "description": "Complex multi-step form with validation and state management",
      "suggested_action": "reuse"
    },
    {
      "name": "components/contractor-dashboard.tsx",
      "type": "tsx",
      "reuse_flag": "medium",
      "description": "Rich analytics dashboard with data visualization components",
      "suggested_action": "refactor"
    },
    {
      "name": "components/contractor-signup.tsx",
      "type": "tsx", 
      "reuse_flag": "medium",
      "description": "Feature-complete contractor onboarding flow",
      "suggested_action": "refactor"
    },
    {
      "name": "components/hero-section.tsx",
      "type": "tsx",
      "reuse_flag": "medium", 
      "description": "Brand header recently simplified, good but could be more generic",
      "suggested_action": "refactor"
    },
    {
      "name": "lib/data.ts",
      "type": "ts",
      "reuse_flag": "high",
      "description": "Rich mock data with contractor profiles, reviews, location data",
      "suggested_action": "reuse"
    },
    {
      "name": "lib/utils.ts", 
      "type": "ts",
      "reuse_flag": "high",
      "description": "Standard utility functions and helpers",
      "suggested_action": "reuse"
    },
    {
      "name": "lib/types.ts",
      "type": "ts",
      "reuse_flag": "low",
      "description": "Generic expense types - not relevant to contractor platform",
      "suggested_action": "replace"
    },
    {
      "name": "lib/db.ts",
      "type": "ts", 
      "reuse_flag": "low",
      "description": "Minimal Prisma setup - needs substantial expansion",
      "suggested_action": "replace"
    },
    {
      "name": "prisma/schema.prisma",
      "type": "prisma",
      "reuse_flag": "low", 
      "description": "Minimal database schema - critical gap requiring expansion",
      "suggested_action": "replace"
    },
    {
      "name": "components/ui/*",
      "type": "tsx",
      "reuse_flag": "high",
      "description": "Complete Shadcn/UI component library (50+ components) - industry standard",
      "suggested_action": "reuse"
    },
    {
      "name": "next.config.js",
      "type": "js",
      "reuse_flag": "high", 
      "description": "Optimized Next.js configuration for production",
      "suggested_action": "reuse"
    },
    {
      "name": "tailwind.config.ts",
      "type": "ts",
      "reuse_flag": "high",
      "description": "Complete theme system with custom colors and utilities",
      "suggested_action": "reuse"
    },
    {
      "name": "tsconfig.json",
      "type": "json",
      "reuse_flag": "high",
      "description": "TypeScript configuration with strict mode enabled",
      "suggested_action": "reuse"
    }
  ],
  "components": [
    {
      "category": "Core Business Logic",
      "components": [
        "hd-connex-app.tsx",
        "primary-search-section.tsx", 
        "service-categories-section.tsx",
        "enhanced-trust-section.tsx",
        "lead-capture-form.tsx"
      ],
      "reuse_score": "95%",
      "status": "conversion-optimized",
      "notes": "Already implements target UX improvements with high conversion focus"
    },
    {
      "category": "Contractor Features", 
      "components": [
        "contractor-dashboard.tsx",
        "contractor-signup.tsx",
        "contractor-value-prop.tsx"
      ],
      "reuse_score": "60%",
      "status": "feature-complete",
      "notes": "Good foundation but may need customization for specific business logic"
    },
    {
      "category": "UI Component Library",
      "components": ["50+ Shadcn/UI components"],
      "reuse_score": "98%", 
      "status": "production-ready",
      "notes": "Industry-standard component library with full accessibility support"
    },
    {
      "category": "Utility & Support",
      "components": [
        "header.tsx",
        "star-rating.tsx", 
        "reviews-section.tsx",
        "theme-provider.tsx"
      ],
      "reuse_score": "90%",
      "status": "stable",
      "notes": "Well-implemented utility components with good reusability"
    }
  ],
  "reuse_recommendations": [
    {
      "priority": "high",
      "category": "Core UX Components", 
      "components": [
        "primary-search-section.tsx",
        "service-categories-section.tsx",
        "enhanced-trust-section.tsx"
      ],
      "reason": "Already conversion-optimized and implement target requirements",
      "estimated_time_saved": "40-60 hours"
    },
    {
      "priority": "high",
      "category": "UI Foundation",
      "components": ["Complete Shadcn/UI library", "Tailwind config", "Global styles"],
      "reason": "Production-ready UI system with modern design patterns", 
      "estimated_time_saved": "80-120 hours"
    },
    {
      "priority": "medium",
      "category": "Business Logic",
      "components": ["lead-capture-form.tsx", "contractor-dashboard.tsx"],
      "reason": "Complex form logic and dashboard features already implemented",
      "estimated_time_saved": "20-30 hours" 
    },
    {
      "priority": "medium", 
      "category": "Data Layer",
      "components": ["lib/data.ts", "lib/utils.ts"],
      "reason": "Rich mock data structure and utility functions", 
      "estimated_time_saved": "10-15 hours"
    }
  ],
  "refactor_priorities": [
    {
      "priority": "critical",
      "item": "Database Schema Expansion",
      "current_state": "minimal_schema",
      "required_action": "Design and implement contractor profiles, leads, reviews, and service categories tables",
      "estimated_effort": "20-30 hours",
      "blocking": true,
      "impact": "Enables data persistence and dynamic functionality"
    },
    {
      "priority": "critical", 
      "item": "API Route Development",
      "current_state": "no_api_routes",
      "required_action": "Implement /api/leads, /api/contractors, /api/search, /api/reviews endpoints",
      "estimated_effort": "25-35 hours", 
      "blocking": true,
      "impact": "Connects frontend to backend functionality"
    },
    {
      "priority": "high",
      "item": "Mock Data Replacement", 
      "current_state": "static_mock_data",
      "required_action": "Replace lib/data.ts mock data with database queries",
      "estimated_effort": "15-20 hours",
      "blocking": false,
      "impact": "Enables dynamic content and real-time updates"
    },
    {
      "priority": "high",
      "item": "Type Definitions Update",
      "current_state": "generic_expense_types", 
      "required_action": "Replace lib/types.ts with contractor platform-specific types",
      "estimated_effort": "5-8 hours",
      "blocking": false,
      "impact": "Improves type safety and developer experience"
    },
    {
      "priority": "medium",
      "item": "Component Modularization", 
      "current_state": "large_components",
      "required_action": "Break down contractor-dashboard.tsx and contractor-signup.tsx into smaller components",
      "estimated_effort": "10-15 hours",
      "blocking": false,
      "impact": "Improves maintainability and reusability"
    }
  ],
  "gap_analysis": {
    "completed_features": [
      "Big primary search interface", 
      "Service category tiles with CTAs",
      "Trust indicators and social proof",
      "Responsive design and animations",
      "Modern UI component library"
    ],
    "missing_features": [
      "Database schema for data persistence",
      "API endpoints for dynamic functionality", 
      "Lead management system",
      "Real-time contractor availability",
      "Payment processing integration"
    ],
    "completion_percentage": "95% frontend, 15% backend"
  },
  "next_phase_recommendations": {
    "immediate_actions": [
      "Expand Prisma schema with contractor and lead tables",
      "Implement core API routes for data operations", 
      "Set up database connection and environment variables"
    ],
    "short_term_goals": [
      "Replace mock data with database queries",
      "Add lead tracking and management features",
      "Implement contractor profile management" 
    ],
    "long_term_vision": [
      "Advanced matching algorithms",
      "Payment processing integration",
      "Mobile app development",
      "Analytics and reporting dashboard"
    ]
  }
}
